{
    "supervised": {
        "1%": {
            "mAP@0.5": 0.9634326361884891,
            "mAP@0.5:0.95": 0.714778634171188,
            "precision": 0.927536231884058,
            "recall": 0.9624060150375939,
            "f1_score": 0.9446494464944649
        },
        "5%": {
            "mAP@0.5": 0.9849624060150376,
            "mAP@0.5:0.95": 0.7188666925502438,
            "precision": 1.0,
            "recall": 0.9624060150375939,
            "f1_score": 0.9808429118773946
        },
        "10%": {
            "mAP@0.5": 0.9848493413986094,
            "mAP@0.5:0.95": 0.7358042475364914,
            "precision": 0.9849624060150376,
            "recall": 0.9849624060150376,
            "f1_score": 0.9849624060150376
        },
        "20%": {
            "mAP@0.5": 0.9848493413986094,
            "mAP@0.5:0.95": 0.811848794287986,
            "precision": 0.9848484848484849,
            "recall": 0.9774436090225563,
            "f1_score": 0.981132075471698
        }
    },
    "stac_fixed": {
        "1%": {
            "mAP@0.5": 0.9631571837184794,
            "mAP@0.5:0.95": 0.5760532840094763,
            "precision": 0.9846153846153847,
            "recall": 0.9624060150375939,
            "f1_score": 0.973384030418251,
            "pl_precision": 0.9837019790454016,
            "pl_recall": 0.9388888888888889,
            "pl_f1_score": 0.9607731665719159
        },
        "5%": {
            "mAP@0.5": 0.9841216624081921,
            "mAP@0.5:0.95": 0.6578025319792123,
            "precision": 0.935251798561151,
            "recall": 0.9774436090225563,
            "f1_score": 0.9558823529411764,
            "pl_precision": 0.9962825278810409,
            "pl_recall": 0.9316338354577057,
            "pl_f1_score": 0.962874251497006
        },
        "10%": {
            "mAP@0.5": 0.9849624060150376,
            "mAP@0.5:0.95": 0.7672952692874778,
            "precision": 0.9924242424242424,
            "recall": 0.9849624060150376,
            "f1_score": 0.9886792452830188,
            "pl_precision": 0.9888059701492538,
            "pl_recall": 0.9730722154222766,
            "pl_f1_score": 0.9808760024676125
        },
        "20%": {
            "mAP@0.5": 0.9849054454317612,
            "mAP@0.5:0.95": 0.8021758717315965,
            "precision": 1.0,
            "recall": 0.9774436090225563,
            "f1_score": 0.988593155893536,
            "pl_precision": 0.9958100558659218,
            "pl_recall": 0.9848066298342542,
            "pl_f1_score": 0.9902777777777778
        }
    },
    "stac_adaptive": {
        "1%": {
            "mAP@0.5": 0.9644085763071802,
            "mAP@0.5:0.95": 0.6354397132532406,
            "precision": 0.9772727272727273,
            "recall": 0.9699248120300752,
            "f1_score": 0.9735849056603774,
            "pl_precision": 0.967479674796748,
            "pl_recall": 0.9255555555555556,
            "pl_f1_score": 0.946053378762067
        },
        "5%": {
            "mAP@0.5": 0.9849054454317612,
            "mAP@0.5:0.95": 0.7205096236752115,
            "precision": 0.9776119402985075,
            "recall": 0.9849624060150376,
            "f1_score": 0.9812734082397004,
            "pl_precision": 0.9860302677532014,
            "pl_recall": 0.981460023174971,
            "pl_f1_score": 0.983739837398374
        },
        "10%": {
            "mAP@0.5": 0.9849624060150376,
            "mAP@0.5:0.95": 0.7555158303255498,
            "precision": 0.9924242424242424,
            "recall": 0.9849624060150376,
            "f1_score": 0.9886792452830188,
            "pl_precision": 0.9876847290640394,
            "pl_recall": 0.981640146878825,
            "pl_f1_score": 0.9846531614487415
        },
        "20%": {
            "mAP@0.5": 0.9849624060150376,
            "mAP@0.5:0.95": 0.7567032490726266,
            "precision": 1.0,
            "recall": 0.9849624060150376,
            "f1_score": 0.9924242424242424,
            "pl_precision": 0.9916434540389972,
            "pl_recall": 0.9834254143646409,
            "pl_f1_score": 0.9875173370319001
        }
    },
    "soft_teacher_fixed": {
        "1%": {
            "mAP@0.5": 0.8477293842395277,
            "mAP@0.5:0.95": 0.4669067530381155,
            "precision": 0.9365079365079365,
            "recall": 0.44360902255639095,
            "f1_score": 0.6020408163265306,
            "pl_precision": 0.0,
            "pl_recall": 0.0,
            "pl_f1_score": 0.0
        },
        "5%": {
            "mAP@0.5": 0.9821426567399351,
            "mAP@0.5:0.95": 0.689081674892471,
            "precision": 0.9921875,
            "recall": 0.9548872180451128,
            "f1_score": 0.9731800766283524,
            "pl_precision": 1.0,
            "pl_recall": 0.005793742757821553,
            "pl_f1_score": 0.01152073732718894
        },
        "10%": {
            "mAP@0.5": 0.9849624060150376,
            "mAP@0.5:0.95": 0.7136448534139845,
            "precision": 1.0,
            "recall": 0.9699248120300752,
            "f1_score": 0.9847328244274809,
            "pl_precision": 0.0,
            "pl_recall": 0.0,
            "pl_f1_score": 0.0
        },
        "20%": {
            "mAP@0.5": 0.9849624060150376,
            "mAP@0.5:0.95": 0.7405904873783948,
            "precision": 1.0,
            "recall": 0.9774436090225563,
            "f1_score": 0.988593155893536,
            "pl_precision": 0.0,
            "pl_recall": 0.0,
            "pl_f1_score": 0.0
        }
    },
    "soft_teacher_adaptive": {
        "1%": {
            "mAP@0.5": 0.8321927421710931,
            "mAP@0.5:0.95": 0.27372799600570513,
            "precision": 0.15266272189349112,
            "recall": 0.9699248120300752,
            "f1_score": 0.26380368098159507,
            "pl_precision": 0.1500424808836024,
            "pl_recall": 0.9811111111111112,
            "pl_f1_score": 0.2602800294767871
        },
        "5%": {
            "mAP@0.5": 0.9703730156387064,
            "mAP@0.5:0.95": 0.6465193112437635,
            "precision": 0.36962750716332377,
            "recall": 0.9699248120300752,
            "f1_score": 0.5352697095435685,
            "pl_precision": 0.350207468879668,
            "pl_recall": 0.9779837775202781,
            "pl_f1_score": 0.515734799877788
        },
        "10%": {
            "mAP@0.5": 0.9849624060150376,
            "mAP@0.5:0.95": 0.8133397420811692,
            "precision": 0.9924242424242424,
            "recall": 0.9849624060150376,
            "f1_score": 0.9886792452830188,
            "pl_precision": 0.9793438639125152,
            "pl_recall": 0.9865361077111383,
            "pl_f1_score": 0.9829268292682927
        },
        "20%": {
            "mAP@0.5": 0.9849624060150376,
            "mAP@0.5:0.95": 0.8323115342306242,
            "precision": 1.0,
            "recall": 0.9849624060150376,
            "f1_score": 0.9924242424242424,
            "pl_precision": 0.9903181189488244,
            "pl_recall": 0.988950276243094,
            "pl_f1_score": 0.9896337249481687
        }
    }
}